first_name,last_name,email,bdate
Asher,MacClancey,amacclancey0@oracle.com,17.11.1981
Cherianne,Burchill,cburchill1@elegantthemes.com,03.06.1986
Domenic,Klasing,dklasing2@samsung.com,26.11.1984
Kerrin,Quickfall,kquickfall3@scientificamerican.com,15.08.1980
Kori,Stiff,kstiff4@foxnews.com,10.02.1988
Buck,Milvarnie,bmilvarnie5@usnews.com,02.10.1984
Bambie,Grise,bgrise6@51.la,29.03.1980
Ardisj,Felton,afelton7@artisteer.com,27.08.1980
Evangelin,Jeayes,ejeayes8@reuters.com,30.05.1983
Boot,Capineer,bcapineer9@networkadvertising.org,20.10.1989
Jenna,Houlaghan,jhoulaghana@meetup.com,16.05.1985
Maison,Boffin,mboffinb@state.gov,17.04.1989
Che,Sciusscietto,csciussciettoc@google.nl,30.10.1989
Nelia,Harmstone,nharmstoned@columbia.edu,12.11.1983
Devlin,Brook,dbrooke@cnbc.com,10.04.1981
Daryl,Degli Antoni,ddegliantonif@economist.com,11.04.1989
Menard,Mephan,mmephang@fda.gov,16.11.1989
Danell,Waplington,dwaplingtonh@nbcnews.com,24.12.1989
Michale,Cess,mcessi@upenn.edu,05.12.1984
Waring,Rolfs,wrolfsj@mtv.com,11.10.1983
Derby,Clouter,dclouterk@ovh.net,11.01.1988
Bobette,Dunlop,bdunlopl@google.ca,01.08.1986
Winnie,Absolem,wabsolemm@sitemeter.com,06.09.1984
Massimo,Bilbrook,mbilbrookn@icio.us,20.11.1987
Robinson,Palatini,rpalatinio@sciencedirect.com,15.06.1982
Anetta,Cumberbatch,acumberbatchp@4shared.com,19.09.1984
Hedwiga,Wardall,hwardallq@spiegel.de,21.09.1982
Richard,Trice,rtricer@wunderground.com,06.10.1980
Adriano,Gniewosz,agniewoszs@go.com,30.12.1980
Gusta,Howel,ghowelt@ocn.ne.jp,15.10.1982
Norby,Correa,ncorreau@dailymail.co.uk,13.04.1988
Bendick,Tims,btimsv@google.com.br,26.06.1981
Corbie,Caizley,ccaizleyw@miibeian.gov.cn,10.11.1983
Darin,Norvel,dnorvelx@plala.or.jp,23.10.1985
Emma,O'Lahy,eolahyy@cbsnews.com,01.08.1986
Merilee,Hedworth,mhedworthz@homestead.com,14.07.1985
Donall,Baile,dbaile10@sitemeter.com,24.09.1980
Gustavus,Suero,gsuero11@dedecms.com,27.08.1980
Linzy,Episcopio,lepiscopio12@jugem.jp,28.02.1980
Ransell,Cargo,rcargo13@opensource.org,28.02.1987
Hermy,Wenzel,hwenzel14@indiegogo.com,11.04.1988
Wilbur,Cottill,wcottill15@cbsnews.com,16.07.1984
Balduin,August,baugust16@usgs.gov,02.02.1987
Lucienne,Bromet,lbromet17@infoseek.co.jp,31.05.1985
Lurline,Cuss,lcuss18@digg.com,19.01.1983
Madel,Niset,mniset19@usda.gov,30.08.1983
Clifford,O'Farrell,cofarrell1a@squidoo.com,28.07.1983
Chilton,Storah,cstorah1b@usgs.gov,08.12.1984
Helge,Cornil,hcornil1c@nba.com,07.05.1981
Selinda,Darko,sdarko1d@seesaa.net,22.01.1987
Amanda,Busfield,abusfield1e@usgs.gov,19.01.1981
Owen,Enston,oenston1f@bandcamp.com,25.08.1983
Evin,Fallawe,efallawe1g@e-recht24.de,01.04.1983
Gilles,Binden,gbinden1h@senate.gov,15.05.1980
Aldus,Swynley,aswynley1i@boston.com,14.02.1987
Cale,Cockayne,ccockayne1j@npr.org,22.06.1984
Bart,Loble,bloble1k@meetup.com,14.02.1983
Gabriel,Landy,glandy1l@samsung.com,12.03.1984
Angel,Lampart,alampart1m@home.pl,19.06.1981
Joy,Beamson,jbeamson1n@bigcartel.com,15.03.1987
Gerrie,Tousy,gtousy1o@psu.edu,25.12.1986
Marcello,Tout,mtout1p@cbslocal.com,24.06.1981
Law,Elloit,lelloit1q@myspace.com,05.02.1983
Joya,Trowel,jtrowel1r@telegraph.co.uk,02.06.1989
Libbie,Frodsham,lfrodsham1s@newsvine.com,13.12.1987
Waylin,Sweetman,wsweetman1t@forbes.com,17.07.1985
Andrey,Rheubottom,arheubottom1u@bigcartel.com,23.04.1985
Georgiana,Coping,gcoping1v@yahoo.co.jp,29.07.1989
Brandon,Helkin,bhelkin1w@ucsd.edu,29.10.1982
Kylen,Assaf,kassaf1x@newyorker.com,24.08.1985
Jessie,Stone Fewings,jstonefewings1y@discovery.com,25.11.1980
Kingston,Ca,kca1z@miitbeian.gov.cn,03.06.1988
Tera,Cleatherow,tcleatherow20@uiuc.edu,25.06.1981
Herve,Wykes,hwykes21@jalbum.net,22.04.1989
Rodi,Lesser,rlesser22@businessinsider.com,10.01.1987
Celia,Headon,cheadon23@bloglovin.com,09.05.1985
Bernardo,Hedylstone,bhedylstone24@china.com.cn,20.03.1984
Walsh,Mabbs,wmabbs25@nasa.gov,23.01.1987
Addy,Stevens,astevens26@npr.org,30.04.1989
Matti,Ladewig,mladewig27@unc.edu,27.04.1988
Penn,Secret,psecret28@oracle.com,08.02.1983
Seward,Bonder,sbonder29@cdbaby.com,02.02.1985
Vasily,Bathoe,vbathoe2a@illinois.edu,12.05.1988
Karol,Coatts,kcoatts2b@apple.com,05.09.1988
Agnes,Burdekin,aburdekin2c@networkadvertising.org,14.03.1983
Lindsy,Dumphry,ldumphry2d@arstechnica.com,14.06.1984
Oby,Hartles,ohartles2e@jimdo.com,11.12.1989
Sascha,Spratley,sspratley2f@simplemachines.org,24.03.1984
Emanuel,Lidstone,elidstone2g@patch.com,12.02.1981
Al,Scarr,ascarr2h@skype.com,20.05.1982
Galven,Sneesby,gsneesby2i@ask.com,06.06.1982
Lonnie,Fetherstonhaugh,lfetherstonhaugh2j@illinois.edu,10.04.1981
Wallace,Brittan,wbrittan2k@is.gd,18.03.1983
Hobey,Welton,hwelton2l@google.pl,17.06.1987
Florinda,Dexter,fdexter2m@icq.com,26.03.1986
Gwynne,Inman,ginman2n@freewebs.com,04.06.1985
Jenilee,Jurick,jjurick2o@furl.net,19.03.1984
Jenelle,Bromehead,jbromehead2p@comsenz.com,19.12.1987
Allyn,Arghent,aarghent2q@usa.gov,22.03.1980
Augustin,Alcock,aalcock2r@whitehouse.gov,15.05.1987
Kelcy,Warren,kwarren2s@4shared.com,15.02.1983
Othella,Cathery,ocathery2t@feedburner.com,23.03.1985
Myrtie,Dibble,mdibble2u@w3.org,05.01.1985
Samantha,Sayward,ssayward2v@photobucket.com,09.02.1984
Robinette,Grigolon,rgrigolon2w@typepad.com,18.05.1989
Sarene,Baude,sbaude2x@github.io,20.06.1980
Dew,Cleever,dcleever2y@vkontakte.ru,16.03.1986
Duane,Edds,dedds2z@fda.gov,21.03.1986
Crin,Skryne,cskryne30@utexas.edu,16.06.1987
Kellsie,McNirlin,kmcnirlin31@china.com.cn,21.02.1980
Michel,Maitland,mmaitland32@amazon.de,28.12.1989
Millard,Reubel,mreubel33@twitter.com,26.04.1982
Osbourne,Ramelot,oramelot34@yellowbook.com,18.10.1981
Mirabel,Santoro,msantoro35@youku.com,30.01.1981
Paolina,Kitcat,pkitcat36@shutterfly.com,18.09.1989
Scott,Croisdall,scroisdall37@google.ru,08.05.1984
Danella,Oldershaw,doldershaw38@networkadvertising.org,28.07.1987
Cristiano,Baish,cbaish39@yellowpages.com,26.12.1985
Devy,Alasdair,dalasdair3a@hp.com,10.12.1988
Torry,Remon,tremon3b@tuttocitta.it,27.01.1987
Ginelle,Mayho,gmayho3c@buzzfeed.com,08.10.1988
Catharina,Noods,cnoods3d@trellian.com,13.05.1986
Siward,Boshere,sboshere3e@friendfeed.com,18.03.1981
Amelita,Dimnage,adimnage3f@mediafire.com,01.08.1988
Shaun,Gianulli,sgianulli3g@spiegel.de,19.06.1980
Jacklyn,Smalles,jsmalles3h@mysql.com,01.02.1988
Elnore,Sivier,esivier3i@yelp.com,25.07.1980
Nolie,MacCaffrey,nmaccaffrey3j@scribd.com,15.01.1988
Alma,Stang-Gjertsen,astanggjertsen3k@tiny.cc,10.11.1986
Blondelle,Tebbs,btebbs3l@pinterest.com,27.06.1985
Heloise,Ferre,hferre3m@desdev.cn,20.11.1980
Glory,Pavlik,gpavlik3n@github.com,27.08.1983
Meyer,Twiddell,mtwiddell3o@utexas.edu,15.07.1984
Janet,Bradnum,jbradnum3p@smh.com.au,11.02.1986
Andris,Wathen,awathen3q@taobao.com,20.01.1989
Andeee,Robinet,arobinet3r@liveinternet.ru,08.11.1988
Dee dee,Denison,ddenison3s@paginegialle.it,04.07.1989
Lisa,Conigsby,lconigsby3t@nydailynews.com,23.07.1987
Jenn,Lightbourne,jlightbourne3u@columbia.edu,10.02.1985
Janella,Bollis,jbollis3v@businessinsider.com,17.02.1986
Morten,Bartocci,mbartocci3w@hostgator.com,15.07.1985
Shelton,Doggart,sdoggart3x@msu.edu,11.05.1989
Berny,Edridge,bedridge3y@tiny.cc,22.01.1983
Hermine,Kalkofer,hkalkofer3z@google.pl,09.09.1987
Brose,Flowers,bflowers40@cdbaby.com,06.05.1982
Basilio,Heigl,bheigl41@ycombinator.com,11.04.1980
Brandy,Lechelle,blechelle42@a8.net,29.11.1989
Dredi,Hixley,dhixley43@telegraph.co.uk,16.07.1981
Paolo,Olive,polive44@nhs.uk,03.06.1981
Dorena,Fishleigh,dfishleigh45@e-recht24.de,17.07.1984
Quent,Yurkov,qyurkov46@list-manage.com,25.10.1987
Gabriele,Le Provost,gleprovost47@nps.gov,18.11.1987
Theodora,Jedrasik,tjedrasik48@blogspot.com,07.03.1989
Saraann,Rubinshtein,srubinshtein49@pbs.org,18.10.1989
Vassili,O'Crowley,vocrowley4a@rediff.com,26.06.1983
Hamish,Yakovliv,hyakovliv4b@census.gov,12.02.1985
Annabelle,Hallen,ahallen4c@uiuc.edu,14.11.1988
Benton,Andrzejak,bandrzejak4d@whitehouse.gov,27.12.1980
Raf,Kopp,rkopp4e@oakley.com,15.02.1986
Lin,Gilligan,lgilligan4f@homestead.com,27.08.1985
Angie,Penylton,apenylton4g@ihg.com,23.08.1989
Leigh,Threadgould,lthreadgould4h@opera.com,17.09.1984
Andris,Bowser,abowser4i@google.ru,13.12.1980
Ric,Gyurkovics,rgyurkovics4j@google.cn,25.08.1984
Brande,Surgen,bsurgen4k@prlog.org,23.10.1980
Lorena,Giraudel,lgiraudel4l@tamu.edu,04.09.1981
Farleigh,Mailes,fmailes4m@dagondesign.com,15.04.1986
Martha,Danielou,mdanielou4n@zdnet.com,11.05.1989
Marleah,Colebeck,mcolebeck4o@tinypic.com,11.05.1988
Iolanthe,Mussolini,imussolini4p@ustream.tv,17.06.1987
Erin,Benard,ebenard4q@fda.gov,20.01.1984
Kore,Rennox,krennox4r@mapquest.com,27.08.1980
Harwell,Rayhill,hrayhill4s@independent.co.uk,04.12.1989
Elsinore,Wellbeloved,ewellbeloved4t@mysql.com,08.05.1988
Melvin,Davidwitz,mdavidwitz4u@webnode.com,16.08.1981
Thelma,Larmour,tlarmour4v@google.co.uk,26.05.1986
Noel,Edbrooke,nedbrooke4w@shop-pro.jp,15.01.1980
Karin,Rabidge,krabidge4x@slashdot.org,22.11.1986
Cara,Woollons,cwoollons4y@scribd.com,16.08.1989
Wolfgang,Caitlin,wcaitlin4z@wikimedia.org,08.08.1984
Nicholle,Shill,nshill50@bloomberg.com,29.04.1988
Fionnula,Daouze,fdaouze51@weibo.com,18.02.1984
Otha,Twycross,otwycross52@nature.com,24.11.1986
Idell,O'Carrol,iocarrol53@boston.com,17.05.1982
Debbi,Chetwin,dchetwin54@soundcloud.com,31.01.1989
Brewster,Whittall,bwhittall55@creativecommons.org,12.09.1982
Seward,Renard,srenard56@un.org,12.07.1982
Clotilda,Rupel,crupel57@biglobe.ne.jp,28.06.1987
Turner,Matisse,tmatisse58@is.gd,10.02.1987
Kizzee,Wann,kwann59@symantec.com,14.08.1981
Ellswerth,Ferry,eferry5a@mail.ru,23.11.1988
Elke,Mallabund,emallabund5b@moonfruit.com,21.06.1984
Mickie,Bausor,mbausor5c@360.cn,14.07.1986
Nap,Kenningley,nkenningley5d@wired.com,07.02.1982
Addie,Warby,awarby5e@state.tx.us,25.02.1988
Reade,Hause,rhause5f@webs.com,22.05.1986
Twyla,Lindores,tlindores5g@prlog.org,08.04.1987
Felicdad,Blatherwick,fblatherwick5h@slideshare.net,30.11.1987
Herschel,Bern,hbern5i@kickstarter.com,23.08.1989
Darla,Doleman,ddoleman5j@oracle.com,03.07.1985
Luce,Donaway,ldonaway5k@nasa.gov,16.04.1984
Shayne,Valenti,svalenti5l@google.com.au,12.01.1988
Freddi,Carse,fcarse5m@umich.edu,29.05.1985
Mortie,Deftie,mdeftie5n@icio.us,23.09.1981
Bridie,Gethouse,bgethouse5o@statcounter.com,20.10.1981
Kathleen,Wilsdon,kwilsdon5p@stanford.edu,03.03.1988
Ogdon,Rabbitt,orabbitt5q@cyberchimps.com,11.09.1981
Alfy,Lidgertwood,alidgertwood5r@squarespace.com,22.12.1986
Halimeda,Thunderchief,hthunderchief5s@live.com,10.09.1989
Rafaellle,Wilmut,rwilmut5t@bbc.co.uk,05.09.1989
Gunilla,Vinson,gvinson5u@slate.com,19.06.1984
Tedd,Dikes,tdikes5v@webs.com,14.05.1985
Darn,Tarren,dtarren5w@ftc.gov,23.10.1981
Marcella,Tofpik,mtofpik5x@mashable.com,01.07.1988
Philbert,Horribine,phorribine5y@fotki.com,19.10.1984
Cristabel,Hazlehurst,chazlehurst5z@oakley.com,17.08.1984
Bran,Paynter,bpaynter60@tinyurl.com,07.10.1983
Evin,Pulbrook,epulbrook61@booking.com,01.03.1982
Keely,Treuge,ktreuge62@imageshack.us,23.12.1989
Dennie,Lepard,dlepard63@businessweek.com,25.08.1987
Ernestus,Fontin,efontin64@yahoo.co.jp,16.11.1981
Borg,Schellig,bschellig65@naver.com,19.06.1985
Lilly,Faughny,lfaughny66@typepad.com,06.07.1987
Isadora,Kindon,ikindon67@vimeo.com,16.11.1987
Maure,Prendergrast,mprendergrast68@xinhuanet.com,29.12.1982
Vasilis,Spini,vspini69@infoseek.co.jp,30.01.1985
Shermie,Louedey,slouedey6a@google.ru,27.08.1988
Mil,Torbeck,mtorbeck6b@army.mil,14.01.1986
Ximenez,Baldrey,xbaldrey6c@smh.com.au,17.08.1982
Farrel,Hymas,fhymas6d@dion.ne.jp,25.08.1986
Hobart,Thistleton,hthistleton6e@studiopress.com,18.08.1987
Raddy,Dymond,rdymond6f@fema.gov,13.11.1980
Yehudit,Serris,yserris6g@amazon.co.uk,02.12.1989
Anestassia,Tunkin,atunkin6h@github.io,16.03.1984
Tandie,Wittman,twittman6i@auda.org.au,30.05.1984
Gordon,Skill,gskill6j@behance.net,03.03.1981
Rourke,Bellenger,rbellenger6k@vkontakte.ru,07.10.1980
Cathie,Mallinar,cmallinar6l@oracle.com,25.08.1980
Shelba,Tramel,stramel6m@cpanel.net,24.08.1980
Jessika,Goodbairn,jgoodbairn6n@jiathis.com,28.10.1982
Stephani,Stubbin,sstubbin6o@sogou.com,26.01.1986
Hildagard,Girardi,hgirardi6p@bizjournals.com,22.01.1985
Pacorro,Burth,pburth6q@wunderground.com,21.12.1988
Aloisia,Hamlen,ahamlen6r@usgs.gov,24.01.1983
Muffin,Boylan,mboylan6s@wired.com,11.07.1986
Britt,Collingdon,bcollingdon6t@ibm.com,22.02.1981
Noe,Kleinmintz,nkleinmintz6u@indiegogo.com,23.12.1980
Rina,Bellard,rbellard6v@mysql.com,21.04.1984
Mylo,Joisce,mjoisce6w@yahoo.co.jp,15.08.1984
Everett,Glaves,eglaves6x@umn.edu,18.04.1986
Glynis,Kerrich,gkerrich6y@nba.com,20.10.1981
Tabina,Hoofe,thoofe6z@guardian.co.uk,15.09.1987
Curt,Brettle,cbrettle70@tiny.cc,25.02.1989
Johnnie,Forryan,jforryan71@sfgate.com,27.08.1985
Rees,Breston,rbreston72@auda.org.au,28.06.1982
Osmund,Guillerman,oguillerman73@java.com,26.05.1985
Cyndy,Kempston,ckempston74@bloglovin.com,27.01.1989
Lorant,Chaters,lchaters75@msu.edu,22.07.1985
Marnie,Vaudrey,mvaudrey76@skype.com,07.11.1988
Marlowe,Hacard,mhacard77@pen.io,29.06.1982
Kara-lynn,Chalkly,kchalkly78@imdb.com,17.05.1980
Gilles,Hoff,ghoff79@so-net.ne.jp,09.02.1989
Brittany,Guerrero,bguerrero7a@earthlink.net,04.07.1988
Niki,Ruddy,nruddy7b@cam.ac.uk,14.08.1989
Gene,Vinten,gvinten7c@artisteer.com,13.09.1988
Janene,Gonzalez,jgonzalez7d@oaic.gov.au,18.09.1985
Jack,Craine,jcraine7e@blinklist.com,22.01.1982
Brynn,Braithwaite,bbraithwaite7f@list-manage.com,16.12.1984
Kerr,Feast,kfeast7g@google.co.jp,07.05.1981
Thornie,Rosendale,trosendale7h@sourceforge.net,20.07.1980
Giorgio,O'Cassidy,gocassidy7i@timesonline.co.uk,01.05.1983
Augusto,Griffiths,agriffiths7j@delicious.com,23.10.1989
Yalonda,Stodd,ystodd7k@prlog.org,23.01.1988
Lucille,Pechold,lpechold7l@ucla.edu,20.01.1987
Fran,Sainte Paul,fsaintepaul7m@smh.com.au,29.08.1980
Trever,Pighills,tpighills7n@bandcamp.com,29.09.1988
Birk,Tunnicliffe,btunnicliffe7o@nifty.com,05.07.1987
Sanford,Botler,sbotler7p@ox.ac.uk,25.02.1983
Allsun,Ketchen,aketchen7q@house.gov,10.01.1985
Burg,McGuirk,bmcguirk7r@opera.com,15.05.1989
Brander,Blazek,bblazek7s@photobucket.com,01.08.1981
Reeba,Esch,resch7t@seattletimes.com,12.09.1987
Querida,Lidgey,qlidgey7u@tiny.cc,09.02.1989
Con,Camin,ccamin7v@intel.com,08.09.1985
Melita,Crutch,mcrutch7w@sina.com.cn,01.12.1985
Myrvyn,Breacher,mbreacher7x@angelfire.com,27.08.1989
Rogerio,Canero,rcanero7y@google.nl,30.03.1982
Amalie,Fernez,afernez7z@google.co.jp,15.06.1980
Cathy,Ruzicka,cruzicka80@jalbum.net,20.02.1980
Jacynth,Wink,jwink81@yahoo.co.jp,24.02.1988
Gardner,Mellody,gmellody82@edublogs.org,14.12.1984
Aubree,Fulger,afulger83@hp.com,08.03.1986
Fairleigh,Westnage,fwestnage84@addtoany.com,04.01.1988
Carlo,Jakab,cjakab85@elegantthemes.com,29.03.1984
Nolly,Burbank,nburbank86@tumblr.com,10.11.1985
Abram,Giamo,agiamo87@skype.com,25.07.1980
Roxana,Loges,rloges88@hatena.ne.jp,21.11.1987
Guillaume,Goldster,ggoldster89@princeton.edu,17.02.1986
Sybil,Woodgate,swoodgate8a@chicagotribune.com,16.06.1987
Aubrie,McGiffin,amcgiffin8b@angelfire.com,29.06.1980
Dru,Loosemore,dloosemore8c@mediafire.com,23.07.1986
Lanette,Frye,lfrye8d@quantcast.com,30.07.1982
Padgett,Noonan,pnoonan8e@indiatimes.com,29.06.1980
Tilda,Buxton,tbuxton8f@privacy.gov.au,05.03.1985
Leah,Spikeings,lspikeings8g@kickstarter.com,22.03.1982
Bengt,De Simone,bdesimone8h@wix.com,30.06.1980
Selle,Horlick,shorlick8i@springer.com,23.09.1984
Nadiya,Heiss,nheiss8j@umich.edu,29.12.1981
Reinaldos,Keysall,rkeysall8k@sogou.com,15.09.1983
Marlo,Glentz,mglentz8l@usda.gov,01.01.1980
Mehetabel,Cartmel,mcartmel8m@so-net.ne.jp,01.05.1986
Gretna,Baybutt,gbaybutt8n@wiley.com,19.05.1988
Brod,Gajownik,bgajownik8o@de.vu,16.02.1985
Isidora,Conkie,iconkie8p@webnode.com,11.09.1987
Inigo,Wilmore,iwilmore8q@ox.ac.uk,20.09.1986
Melitta,McGarahan,mmcgarahan8r@typepad.com,08.12.1984
Lenore,Bartolomucci,lbartolomucci8s@google.co.uk,16.07.1985
Palmer,Whitcombe,pwhitcombe8t@delicious.com,02.06.1988
Carita,Bortolomei,cbortolomei8u@about.me,26.04.1980
Anett,Chason,achason8v@redcross.org,02.06.1985
Matilda,Gregan,mgregan8w@techcrunch.com,21.10.1984
Job,Lyddyard,jlyddyard8x@posterous.com,21.12.1980
Arliene,Radeliffe,aradeliffe8y@addtoany.com,16.02.1988
Thomasa,Rens,trens8z@mail.ru,22.06.1983
Beilul,Paoloni,bpaoloni90@ehow.com,09.03.1983
Cesaro,Agg,cagg91@studiopress.com,31.03.1987
Sile,Krabbe,skrabbe92@google.nl,10.05.1984
Jard,Lacelett,jlacelett93@admin.ch,24.06.1989
Holden,Basillon,hbasillon94@wikispaces.com,08.08.1986
Earlie,Coleshill,ecoleshill95@wp.com,04.12.1982
Antonella,Schimke,aschimke96@cargocollective.com,18.07.1986
Worth,Bowstead,wbowstead97@mtv.com,01.11.1985
Fran,Babbage,fbabbage98@privacy.gov.au,24.06.1989
Britteny,Massenhove,bmassenhove99@woothemes.com,06.02.1981
Kristin,Adds,kadds9a@usa.gov,02.05.1986
Tiffani,Chittim,tchittim9b@vinaora.com,17.10.1985
Truda,Abell,tabell9c@tmall.com,10.08.1983
Mackenzie,Flarity,mflarity9d@about.com,02.02.1983
North,Sellek,nsellek9e@accuweather.com,28.09.1981
Ash,Doggett,adoggett9f@china.com.cn,13.08.1989
Abigael,Beneze,abeneze9g@nhs.uk,04.08.1989
Belvia,Harrowsmith,bharrowsmith9h@amazon.com,25.08.1984
Shem,Burkett,sburkett9i@uol.com.br,29.03.1989
Deana,Garatty,dgaratty9j@skype.com,08.10.1988
Greta,Braundt,gbraundt9k@ifeng.com,04.10.1983
Mildrid,Morford,mmorford9l@theglobeandmail.com,25.09.1982
Oralia,Cund,ocund9m@amazon.co.uk,15.04.1981
Elmo,Hawtin,ehawtin9n@webs.com,12.08.1989
Emalee,Ricciardo,ericciardo9o@microsoft.com,05.03.1984
Ruthi,Boyne,rboyne9p@wufoo.com,08.01.1984
Cornelius,Hagger,chagger9q@seesaa.net,30.03.1983
Ansley,Mechan,amechan9r@technorati.com,26.09.1986
Madonna,Layton,mlayton9s@deviantart.com,04.12.1984
Erinn,Coast,ecoast9t@google.ru,21.10.1985
Frannie,Odgers,fodgers9u@seattletimes.com,14.03.1980
Marchelle,Walrond,mwalrond9v@dagondesign.com,30.04.1981
Malynda,Brill,mbrill9w@youtube.com,12.02.1982
Rhys,Budget,rbudget9x@51.la,25.06.1984
Kenton,Kubu,kkubu9y@aol.com,25.08.1987
Eldin,Moseley,emoseley9z@1688.com,19.03.1989
Dahlia,Crosher,dcroshera0@deliciousdays.com,23.09.1983
Wilfrid,Barles,wbarlesa1@howstuffworks.com,03.04.1983
Lucilia,Curbishley,lcurbishleya2@163.com,20.06.1983
Jethro,Stigell,jstigella3@phpbb.com,11.12.1985
Maurita,Beckitt,mbeckitta4@netvibes.com,10.02.1987
Janeta,Songist,jsongista5@ucoz.com,22.08.1985
Caryn,Chadwen,cchadwena6@auda.org.au,26.08.1983
Maryellen,Schottli,mschottlia7@uol.com.br,04.12.1986
Cosette,Yendall,cyendalla8@bizjournals.com,14.02.1983
Anatola,Bilofsky,abilofskya9@ask.com,18.01.1988
Lina,Cornick,lcornickaa@domainmarket.com,09.05.1982
Neall,Smallpeice,nsmallpeiceab@gravatar.com,12.11.1983
Aubert,Dench,adenchac@360.cn,21.04.1984
Correna,Oxtoby,coxtobyad@purevolume.com,31.12.1982
Lindi,Linnitt,llinnittae@clickbank.net,28.04.1987
Tabbie,Clemmens,tclemmensaf@wufoo.com,01.04.1983
Fleurette,Postgate,fpostgateag@fema.gov,24.09.1985
Carmella,Storr,cstorrah@youku.com,05.10.1984
Dru,Gay,dgayai@smh.com.au,26.04.1980
Kennan,Rayment,kraymentaj@dropbox.com,22.03.1988
Gilbertine,Dennerley,gdennerleyak@sciencedaily.com,18.11.1989
Maryrose,O'Hannigan,mohanniganal@seesaa.net,28.10.1987
Ericka,Boutwell,eboutwellam@typepad.com,08.08.1987
Ritchie,Sanderson,rsandersonan@is.gd,08.07.1985
Jere,Balfe,jbalfeao@exblog.jp,19.12.1989
Ammamaria,Tremmel,atremmelap@usatoday.com,12.03.1982
Vallie,Ganford,vganfordaq@gravatar.com,18.12.1987
Inness,Rebert,irebertar@noaa.gov,20.08.1980
Thibaut,Oldacres,toldacresas@facebook.com,20.01.1982
Nicol,Featonby,nfeatonbyat@whitehouse.gov,21.11.1988
Jolynn,Grigoliis,jgrigoliisau@ebay.com,20.09.1986
Jillayne,Apted,japtedav@last.fm,12.06.1986
Herman,Reah,hreahaw@godaddy.com,22.12.1988
Anderea,Reppaport,areppaportax@nba.com,09.01.1981
Galven,Jursch,gjurschay@ask.com,16.09.1985
Christophe,Nequest,cnequestaz@booking.com,13.08.1983
Joseito,Asser,jasserb0@ed.gov,05.06.1989
Shell,Pee,speeb1@nyu.edu,01.11.1982
Mag,McDermott-Row,mmcdermottrowb2@who.int,19.10.1982
Billy,Clewlowe,bclewloweb3@ucoz.ru,01.09.1983
Laney,Aylwin,laylwinb4@wikimedia.org,16.01.1989
Lalo,Abramamov,labramamovb5@naver.com,06.12.1989
Kearney,Toleman,ktolemanb6@japanpost.jp,30.04.1985
Harli,Areles,harelesb7@youku.com,20.10.1981
Ola,Reignolds,oreignoldsb8@shutterfly.com,21.07.1988
Giorgi,Lasham,glashamb9@epa.gov,06.07.1982
Izaak,Jickles,ijicklesba@mysql.com,04.01.1981
Leola,Jachimak,ljachimakbb@scribd.com,12.11.1986
Lesly,Smogur,lsmogurbc@ftc.gov,12.01.1980
Hyacinthie,Lydon,hlydonbd@fotki.com,02.01.1989
Delbert,Rotherforth,drotherforthbe@timesonline.co.uk,11.06.1987
Roderic,Iddons,riddonsbf@sogou.com,24.04.1981
Huntley,Phillpotts,hphillpottsbg@tripod.com,27.10.1989
Markos,Hardern,mhardernbh@woothemes.com,31.07.1982
Kat,Flintiff,kflintiffbi@elpais.com,02.05.1983
Rollins,Musgrave,rmusgravebj@livejournal.com,20.08.1987
Abbot,Widdows,awiddowsbk@bloglines.com,15.02.1988
Katine,Eacott,keacottbl@goo.gl,17.04.1987
Bradan,Harpham,bharphambm@sfgate.com,09.08.1984
Malchy,Tabard,mtabardbn@imdb.com,22.03.1981
Doti,Knightley,dknightleybo@hugedomains.com,17.04.1982
Dominique,Josifovic,djosifovicbp@yale.edu,05.02.1980
Laughton,Axten,laxtenbq@technorati.com,15.10.1983
Pammie,Gauford,pgaufordbr@woothemes.com,31.08.1987
Gayle,Jacobi,gjacobibs@wiley.com,04.08.1981
Carolyne,Fend,cfendbt@nsw.gov.au,20.02.1980
Sydel,Leckenby,sleckenbybu@drupal.org,27.12.1981
Saudra,Gerauld,sgerauldbv@ibm.com,11.07.1986
Curran,Benbough,cbenboughbw@wix.com,12.12.1984
Estelle,Crees,ecreesbx@jimdo.com,08.07.1985
Cecil,Brigg,cbriggby@liveinternet.ru,02.10.1986
Lydia,Denisevich,ldenisevichbz@ehow.com,30.04.1989
Albina,Acum,aacumc0@pen.io,19.02.1988
Sandy,Loakes,sloakesc1@psu.edu,08.11.1989
Carolan,Croix,ccroixc2@purevolume.com,05.05.1986
Brodie,Pembery,bpemberyc3@about.com,14.06.1983
Chrystal,Stanmer,cstanmerc4@a8.net,29.05.1981
Fayina,Antrim,fantrimc5@engadget.com,12.07.1985
Jake,Kantor,jkantorc6@sfgate.com,28.11.1988
Thibaud,Hun,thunc7@spiegel.de,26.04.1982
Cheston,Krug,ckrugc8@smh.com.au,01.02.1989
Everard,Dungey,edungeyc9@hatena.ne.jp,05.03.1984
Pepito,Tomisch,ptomischca@biglobe.ne.jp,30.01.1982
Genny,Puxley,gpuxleycb@goo.ne.jp,10.02.1982
Angel,Fagan,afagancc@google.com.hk,17.11.1986
Armand,Recher,arechercd@qq.com,06.12.1982
Malissa,Peasey,mpeaseyce@smh.com.au,30.10.1980
Pansie,Edgcumbe,pedgcumbecf@npr.org,02.06.1987
Eryn,Marquot,emarquotcg@bluehost.com,07.07.1988
Faina,Wheelan,fwheelanch@examiner.com,24.01.1988
Lotti,Biford,lbifordci@cargocollective.com,27.09.1983
Andris,Willder,awilldercj@livejournal.com,20.06.1984
Sadie,Singh,ssinghck@fema.gov,10.09.1987
Aliza,Alred,aalredcl@newyorker.com,08.04.1984
Prudence,Whitwam,pwhitwamcm@auda.org.au,09.10.1982
Yvette,Uccelli,yuccellicn@irs.gov,25.06.1989
Dynah,Frow,dfrowco@amazon.co.jp,19.05.1987
Neils,Fanner,nfannercp@seesaa.net,12.10.1983
Sergeant,Mellanby,smellanbycq@bravesites.com,27.04.1988
Stirling,Havill,shavillcr@dagondesign.com,13.06.1984
Carmencita,Scading,cscadingcs@printfriendly.com,23.01.1989
Genovera,Pepper,gpepperct@ftc.gov,16.11.1983
Brigham,Ring,bringcu@cbslocal.com,08.10.1984
Winifred,Graeber,wgraebercv@ocn.ne.jp,25.07.1986
Tye,Jerratsch,tjerratschcw@apache.org,28.04.1982
Constanta,Cree,ccreecx@deliciousdays.com,22.02.1988
Ethelbert,Enion,eenioncy@mashable.com,07.03.1982
Martica,Magowan,mmagowancz@gravatar.com,12.04.1981
Lishe,Haldin,lhaldind0@telegraph.co.uk,21.10.1989
Olly,Cayford,ocayfordd1@joomla.org,26.11.1984
Des,Barents,dbarentsd2@senate.gov,29.10.1985
Burt,Gissop,bgissopd3@sfgate.com,05.05.1984
Winnifred,Thurlborn,wthurlbornd4@hc360.com,03.08.1980
Hartley,Blaisdale,hblaisdaled5@umn.edu,04.02.1989
Lisetta,Symington,lsymingtond6@netscape.com,07.08.1980
Pierre,Papen,ppapend7@patch.com,22.02.1980
Hadleigh,Purcell,hpurcelld8@histats.com,01.03.1987
Alexander,Marie,amaried9@cmu.edu,13.11.1980
Catherina,Tout,ctoutda@craigslist.org,16.11.1980
Aubrette,Wakeling,awakelingdb@vistaprint.com,04.12.1983
Dennie,Melwall,dmelwalldc@pagesperso-orange.fr,15.08.1986
Brina,Minghetti,bminghettidd@theatlantic.com,12.05.1987
Terri,Cocozza,tcocozzade@addtoany.com,23.04.1984
Quinton,Saggs,qsaggsdf@amazonaws.com,11.04.1982
Babb,Scutter,bscutterdg@csmonitor.com,27.02.1981
Amara,Tunno,atunnodh@examiner.com,16.08.1984
Sheryl,Shafto,sshaftodi@reuters.com,21.06.1986
Mathilde,Pristnor,mpristnordj@zimbio.com,01.04.1983
Penni,Varcoe,pvarcoedk@state.tx.us,03.03.1980
Moore,Dziwisz,mdziwiszdl@microsoft.com,13.10.1981
Felicle,Hiorn,fhiorndm@msn.com,21.01.1981
Sibyl,Shirer,sshirerdn@irs.gov,27.06.1985
Raphael,Witcombe,rwitcombedo@php.net,02.04.1988
Shea,Drivers,sdriversdp@ifeng.com,23.05.1980
Cass,Measor,cmeasordq@hud.gov,04.12.1983
Monti,Worsley,mworsleydr@alexa.com,06.12.1988
Hermie,Feavers,hfeaversds@weibo.com,26.10.1987
Rana,Gon,rgondt@indiegogo.com,21.09.1981
Evangelia,Middlebrook,emiddlebrookdu@wp.com,03.11.1980
Nananne,Adacot,nadacotdv@list-manage.com,27.02.1989
Fletcher,Prescot,fprescotdw@4shared.com,02.09.1989
Pegeen,Charon,pcharondx@alibaba.com,21.07.1983
Tremayne,Threadgill,tthreadgilldy@discovery.com,18.12.1981
Garnette,Pipe,gpipedz@simplemachines.org,27.11.1988
Becca,Briggdale,bbriggdalee0@blogs.com,21.05.1981
Nance,Anton,nantone1@reverbnation.com,28.09.1989
Dermot,Horche,dhorchee2@gizmodo.com,18.08.1988
Minor,Evitt,mevitte3@ox.ac.uk,28.07.1985
Xymenes,Bau,xbaue4@example.com,24.06.1982
Maisey,Egle,meglee5@google.com.br,21.02.1981
Deerdre,McKinless,dmckinlesse6@economist.com,01.07.1986
Paddie,Hallan,phallane7@comcast.net,16.01.1981
Knox,Littrick,klittricke8@alibaba.com,04.10.1988
Mei,Syne,msynee9@dedecms.com,26.04.1985
Shellie,Brettel,sbrettelea@umn.edu,03.06.1983
Janean,Philimore,jphilimoreeb@google.pl,18.01.1987
Antony,Prinne,aprinneec@nhs.uk,15.05.1982
Rafa,Birtwell,rbirtwelled@skyrock.com,11.09.1980
Jamaal,Perview,jperviewee@opensource.org,13.10.1981
Juieta,Dewitt,jdewittef@netvibes.com,12.06.1985
Goldarina,Yurocjhin,gyurocjhineg@hud.gov,23.05.1986
Adair,Godfrey,agodfreyeh@arizona.edu,15.08.1986
Tedra,Ritchard,tritchardei@census.gov,01.12.1989
Kassandra,Rosenwald,krosenwaldej@cbslocal.com,01.05.1989
Ibbie,Slimmon,islimmonek@parallels.com,24.12.1989
Tanitansy,Geer,tgeerel@nifty.com,04.07.1984
Roberto,Prime,rprimeem@ox.ac.uk,06.03.1987
Jeno,Steagall,jsteagallen@gizmodo.com,24.12.1987
Griff,Wedgwood,gwedgwoodeo@archive.org,19.09.1983
Vaughan,Billam,vbillamep@last.fm,20.12.1983
Nolie,Peet,npeeteq@etsy.com,25.03.1983
Cortney,Frane,cfraneer@mlb.com,20.12.1984
Edik,Escalero,eescaleroes@multiply.com,16.02.1980
Orrin,Hendrix,ohendrixet@netlog.com,07.11.1985
Bone,Nassy,bnassyeu@i2i.jp,11.04.1989
Dalis,Glidden,dgliddenev@newyorker.com,09.01.1980
Shep,Dell Casa,sdellcasaew@live.com,02.11.1982
Reggie,Van Vuuren,rvanvuurenex@tumblr.com,18.05.1986
Helaina,Wringe,hwringeey@discovery.com,15.11.1980
Jacqui,Stollenhof,jstollenhofez@google.fr,09.11.1988
Myrtice,Baythorp,mbaythorpf0@tmall.com,30.12.1989
Jermayne,Winder,jwinderf1@networkadvertising.org,17.04.1985
Justus,Kubala,jkubalaf2@slashdot.org,06.04.1983
Deeann,Shulem,dshulemf3@ted.com,08.04.1984
June,Deas,jdeasf4@is.gd,21.06.1982
Ivette,Kitt,ikittf5@edublogs.org,21.05.1981
Ervin,Jeskins,ejeskinsf6@yolasite.com,03.09.1989
Valentijn,Wenzel,vwenzelf7@forbes.com,22.12.1982
Cherry,Vidgen,cvidgenf8@chicagotribune.com,07.07.1985
Wilbert,Trickett,wtrickettf9@cargocollective.com,03.06.1985
Belle,Jagg,bjaggfa@skype.com,23.09.1984
Devi,Van Daalen,dvandaalenfb@dot.gov,30.08.1989
Lynn,Fakeley,lfakeleyfc@hc360.com,25.04.1986
Aldin,Wolffers,awolffersfd@nationalgeographic.com,08.10.1981
Hanson,Kindred,hkindredfe@google.pl,28.02.1984
Alvera,Grisedale,agrisedaleff@google.pl,17.04.1989
Raleigh,McReath,rmcreathfg@google.co.uk,28.03.1982
Samara,Pettisall,spettisallfh@ox.ac.uk,05.09.1988
Carleton,MacGregor,cmacgregorfi@yahoo.co.jp,26.01.1980
Yvor,Gallyhaock,ygallyhaockfj@amazon.co.uk,05.07.1984
Mariette,Lewendon,mlewendonfk@earthlink.net,16.08.1981
Suzanna,Butten,sbuttenfl@mit.edu,19.09.1988
Stillman,Serrier,sserrierfm@studiopress.com,15.02.1988
Bambi,Lishman,blishmanfn@dagondesign.com,03.02.1988
Ryley,Saffrin,rsaffrinfo@loc.gov,12.09.1984
Andra,Kilgallon,akilgallonfp@trellian.com,15.01.1988
Zorina,Wogan,zwoganfq@nbcnews.com,24.04.1986
Sancho,Hutsby,shutsbyfr@mit.edu,05.08.1989
Deana,Loreit,dloreitfs@wix.com,18.08.1989
Bruno,Weild,bweildft@storify.com,31.10.1981
Sarina,Tylor,stylorfu@abc.net.au,01.05.1988
Sandye,Cussons,scussonsfv@ow.ly,07.01.1987
Frasier,Gages,fgagesfw@wordpress.org,13.02.1988
Katrinka,Pedroli,kpedrolifx@ftc.gov,11.12.1980
Inness,Winmill,iwinmillfy@noaa.gov,26.12.1981
Krishna,Vasyaev,kvasyaevfz@unicef.org,29.10.1988
Bert,Greaterex,bgreaterexg0@ftc.gov,13.02.1986
Claudell,Cuthbert,ccuthbertg1@cornell.edu,11.09.1986
Riordan,Dmitrichenko,rdmitrichenkog2@geocities.jp,10.02.1987
Nicky,Obern,noberng3@taobao.com,08.02.1987
Marji,Bampkin,mbampking4@trellian.com,19.05.1982
Hunfredo,Chevins,hchevinsg5@walmart.com,26.03.1988
Dehlia,Bock,dbockg6@nytimes.com,16.04.1983
Renate,Foot,rfootg7@angelfire.com,28.08.1980
Alaster,Rubes,arubesg8@businessinsider.com,02.08.1986
Walther,Huyhton,whuyhtong9@utexas.edu,29.03.1983
Jandy,Earland,jearlandga@cnet.com,28.08.1984
Ernestine,Toffler,etofflergb@dailymail.co.uk,10.09.1987
Hieronymus,Saltmarshe,hsaltmarshegc@t-online.de,21.12.1987
Maxie,Cowpe,mcowpegd@technorati.com,28.02.1989
Ulrick,Children,uchildrenge@alexa.com,11.09.1983
Beatrisa,Silliman,bsillimangf@irs.gov,24.07.1980
Thadeus,Leed,tleedgg@ebay.com,13.05.1984
Natasha,Pook,npookgh@howstuffworks.com,12.07.1984
Roderich,Vanyashin,rvanyashingi@eventbrite.com,11.07.1988
Myrtia,Maffione,mmaffionegj@cafepress.com,10.01.1986
Rockie,Clinnick,rclinnickgk@dagondesign.com,28.02.1987
Ilsa,Dudin,idudingl@google.com,01.12.1983
Chancey,Fardell,cfardellgm@ibm.com,23.09.1987
Willabella,Colchett,wcolchettgn@hatena.ne.jp,31.10.1984
Malissia,McNiven,mmcnivengo@pinterest.com,12.07.1989
Mycah,Glass,mglassgp@hexun.com,08.02.1989
Kelly,Blackshaw,kblackshawgq@huffingtonpost.com,20.08.1985
Vinson,Cristoforetti,vcristoforettigr@foxnews.com,19.09.1989
Rachel,Zammett,rzammettgs@creativecommons.org,13.12.1986
Twyla,Domelow,tdomelowgt@telegraph.co.uk,20.02.1984
Doria,Brandone,dbrandonegu@wikia.com,31.12.1980
Rubia,Stronough,rstronoughgv@dell.com,06.09.1980
Hayward,Polsin,hpolsingw@narod.ru,23.06.1984
Ollie,Lewisham,olewishamgx@amazon.de,12.06.1982
Patsy,Cowlard,pcowlardgy@epa.gov,28.10.1983
Peadar,Heinzler,pheinzlergz@ucoz.com,17.12.1981
Silvanus,Parade,sparadeh0@nationalgeographic.com,29.12.1983
Chet,Hurd,churdh1@newyorker.com,10.06.1988
Zachary,Johananov,zjohananovh2@webs.com,15.09.1984
Tamarra,Taunton.,ttauntonh3@oakley.com,27.01.1985
Gilbertine,Antonutti,gantonuttih4@bbb.org,14.02.1983
Mill,Vuittet,mvuitteth5@soundcloud.com,08.06.1989
Lindsey,Ogborn,logbornh6@auda.org.au,10.08.1984
Elka,Beeken,ebeekenh7@php.net,02.06.1986
Adam,Baugham,abaughamh8@amazon.co.uk,13.05.1980
Rikki,Vanni,rvannih9@cafepress.com,26.11.1988
Frederic,Hawtin,fhawtinha@cnet.com,22.06.1980
Cynthy,Ludlom,cludlomhb@ustream.tv,25.03.1980
Idette,Bompas,ibompashc@wufoo.com,24.09.1981
Carolee,Joynt,cjoynthd@pbs.org,14.07.1983
Noll,Gonsalo,ngonsalohe@telegraph.co.uk,13.09.1988
Roddie,Hayle,rhaylehf@netlog.com,21.12.1982
Darill,Sutliff,dsutliffhg@apache.org,14.04.1981
Artemis,Garland,agarlandhh@hp.com,12.03.1981
Luce,Maudlen,lmaudlenhi@sciencedirect.com,08.05.1986
Hakim,Siney,hsineyhj@un.org,13.09.1987
Mehetabel,Hanaford,mhanafordhk@free.fr,23.12.1984
Nikaniki,Putten,nputtenhl@rakuten.co.jp,21.07.1980
Alejandrina,Gaishson,agaishsonhm@php.net,17.08.1986
Bren,Hutchinson,bhutchinsonhn@google.co.jp,11.03.1988
Cole,Peerless,cpeerlessho@wikispaces.com,05.11.1989
Luelle,Rickword,lrickwordhp@shop-pro.jp,03.06.1986
Ainslee,Onyon,aonyonhq@yelp.com,08.03.1982
Nickolaus,Spyer,nspyerhr@engadget.com,02.04.1983
Rudie,Swabey,rswabeyhs@bing.com,07.07.1988
Jerome,Stubs,jstubsht@printfriendly.com,16.04.1981
Harvey,Gobel,hgobelhu@booking.com,10.04.1982
Aubry,Bland,ablandhv@fc2.com,13.01.1983
Alyse,Iglesiaz,aiglesiazhw@twitpic.com,27.04.1984
Glory,Behnke,gbehnkehx@github.com,09.01.1988
Carmine,Duddell,cduddellhy@sogou.com,10.08.1986
Malinde,Kleinhausen,mkleinhausenhz@cnbc.com,03.08.1984
Angelia,Glaisner,aglaisneri0@mac.com,17.02.1988
Jo ann,Millberg,jmillbergi1@github.com,27.12.1980
Viki,Flamank,vflamanki2@dailymail.co.uk,11.06.1987
Libbi,Ginsie,lginsiei3@devhub.com,07.10.1984
Liuka,Lapides,llapidesi4@nytimes.com,26.12.1988
Miguela,Bullick,mbullicki5@csmonitor.com,12.09.1984
Channa,Pidler,cpidleri6@economist.com,04.08.1983
Alva,Casari,acasarii7@hp.com,20.04.1981
Trumaine,Brenstuhl,tbrenstuhli8@berkeley.edu,01.03.1980
Blane,Laxson,blaxsoni9@jimdo.com,28.11.1982
Gracia,Petegre,gpetegreia@wired.com,13.03.1980
Deeanne,Gavan,dgavanib@meetup.com,20.10.1981
Andee,O'Shaughnessy,aoshaughnessyic@va.gov,17.11.1985
Ilyse,Hamley,ihamleyid@cbc.ca,09.09.1986
Roana,Le Estut,rleestutie@washington.edu,19.10.1987
Rafaellle,Goadby,rgoadbyif@tinyurl.com,19.03.1987
Huntlee,Frissell,hfrissellig@mtv.com,07.11.1987
Nat,Franceschelli,nfranceschelliih@vistaprint.com,17.12.1980
Elva,Fortune,efortuneii@yellowbook.com,23.08.1986
Rochella,Cathrall,rcathrallij@gnu.org,20.12.1984
Chrotoem,Muckart,cmuckartik@github.io,26.12.1982
Terrence,Felix,tfelixil@psu.edu,09.10.1989
Orella,Bramham,obramhamim@ebay.com,11.04.1985
Melany,Garroch,mgarrochin@phoca.cz,04.08.1987
Marlo,Glasscock,mglasscockio@hc360.com,26.06.1989
Robby,Ivatt,rivattip@joomla.org,21.03.1989
Janith,Gorse,jgorseiq@xinhuanet.com,07.05.1989
Renato,Guthrie,rguthrieir@google.pl,09.07.1987
Henrie,Rigardeau,hrigardeauis@rambler.ru,29.12.1980
Luis,Palumbo,lpalumboit@symantec.com,11.09.1986
Iosep,Daintith,idaintithiu@fda.gov,04.08.1987
Arley,Ulyat,aulyativ@techcrunch.com,20.04.1981
Mariann,McGowan,mmcgowaniw@vk.com,02.02.1982
Lucius,Burrows,lburrowsix@dagondesign.com,26.06.1983
Dorene,Windibank,dwindibankiy@acquirethisname.com,08.03.1986
D'arcy,McGaughie,dmcgaughieiz@springer.com,08.09.1987
Vera,Wilding,vwildingj0@businessweek.com,28.07.1980
Amalle,Witcombe,awitcombej1@virginia.edu,12.08.1986
Hailee,MacKimmie,hmackimmiej2@theguardian.com,18.06.1985
Howard,Gouge,hgougej3@wp.com,03.04.1985
Aaron,Gamblin,agamblinj4@photobucket.com,06.07.1987
Quentin,Hunstone,qhunstonej5@plala.or.jp,13.02.1986
Samaria,Ferencowicz,sferencowiczj6@ft.com,07.10.1985
Mufinella,Neggrini,mneggrinij7@moonfruit.com,23.08.1981
Cassie,Dormer,cdormerj8@studiopress.com,28.07.1984
Joyann,Flaxon,jflaxonj9@domainmarket.com,17.11.1980
Gage,Lydiate,glydiateja@rambler.ru,13.12.1987
Kristian,Hairsnape,khairsnapejb@fastcompany.com,31.07.1988
Elbertine,Castelin,ecastelinjc@example.com,15.01.1982
Roselle,Algore,ralgorejd@google.es,26.02.1981
Lloyd,Heinsen,lheinsenje@g.co,08.09.1984
Mortimer,Vesty,mvestyjf@example.com,07.08.1987
Moise,Carty,mcartyjg@pen.io,31.03.1983
Larina,Hellyer,lhellyerjh@google.com.br,11.06.1987
Nero,Checo,nchecoji@hubpages.com,08.12.1985
Lem,Wellwood,lwellwoodjj@friendfeed.com,04.04.1987
Marion,Reasun,mreasunjk@yale.edu,14.03.1985
Claybourne,Billson,cbillsonjl@alexa.com,06.05.1982
Gar,Surman,gsurmanjm@flavors.me,08.04.1987
Boy,East,beastjn@paginegialle.it,07.06.1985
Robinia,Andrick,randrickjo@freewebs.com,12.03.1986
Clarey,Collishaw,ccollishawjp@independent.co.uk,24.10.1983
Kai,Bodimeade,kbodimeadejq@boston.com,10.02.1986
Moina,Fillon,mfillonjr@hibu.com,23.04.1989
Florri,Lemonnier,flemonnierjs@xinhuanet.com,21.04.1981
Faunie,Balassa,fbalassajt@hp.com,13.01.1983
Gearard,Godar,ggodarju@yelp.com,19.10.1984
Hillyer,Dashper,hdashperjv@nationalgeographic.com,30.08.1983
Katinka,Stickins,kstickinsjw@printfriendly.com,25.03.1986
Aubrey,Basillon,abasillonjx@indiegogo.com,02.09.1989
Ferd,Gumme,fgummejy@devhub.com,10.10.1986
Ursala,Guslon,uguslonjz@princeton.edu,22.12.1983
Cliff,Mendez,cmendezk0@house.gov,28.08.1981
Andria,Noddle,anoddlek1@123-reg.co.uk,26.08.1982
Garrett,Beebis,gbeebisk2@paginegialle.it,02.05.1984
Tony,Drance,tdrancek3@bravesites.com,29.11.1986
Marcelline,Soigne,msoignek4@hexun.com,11.05.1981
Nevins,Domnin,ndomnink5@blogtalkradio.com,06.09.1984
Clem,Ketch,cketchk6@sphinn.com,12.06.1985
Salmon,Waite,swaitek7@freewebs.com,26.01.1988
Efrem,Corbet,ecorbetk8@tripod.com,31.07.1982
Kippy,Tanslie,ktansliek9@ycombinator.com,19.03.1985
Torrance,Hecks,theckska@va.gov,07.06.1984
Agnella,Cullin,acullinkb@youtube.com,30.05.1984
Scottie,Leale,slealekc@uiuc.edu,01.07.1988
Ermengarde,Pock,epockkd@answers.com,13.02.1982
Lonnie,Keetley,lkeetleyke@slashdot.org,03.05.1984
Haslett,Gilbard,hgilbardkf@bloglovin.com,10.11.1985
Debra,List,dlistkg@nationalgeographic.com,03.11.1985
Ashlie,Glazyer,aglazyerkh@sun.com,24.09.1988
Sadella,Duxfield,sduxfieldki@cyberchimps.com,10.09.1983
Raquela,Jarry,rjarrykj@blogs.com,25.01.1982
Natala,Wilcott,nwilcottkk@statcounter.com,12.10.1988
Emmett,Weatherall,eweatherallkl@elpais.com,25.01.1986
Bella,Faithorn,bfaithornkm@hexun.com,12.03.1986
Alvira,Fouch,afouchkn@shutterfly.com,07.05.1980
Murielle,Rikard,mrikardko@dailymotion.com,06.05.1980
Raff,Lyptratt,rlyptrattkp@jiathis.com,16.12.1985
Zorah,Fake,zfakekq@hibu.com,04.03.1981
Nell,Pancoust,npancoustkr@businessinsider.com,12.06.1984
Jerrold,Puleston,jpulestonks@pagesperso-orange.fr,29.01.1985
Neysa,Deesly,ndeeslykt@cdbaby.com,05.03.1989
Jaime,Suero,jsueroku@vimeo.com,09.05.1989
Meghan,Picheford,mpichefordkv@marriott.com,30.05.1986
Willyt,Crick,wcrickkw@google.com.au,20.10.1985
Riane,Bestar,rbestarkx@webmd.com,18.05.1981
Marja,Ridgway,mridgwayky@privacy.gov.au,20.12.1982
Willetta,Klimczak,wklimczakkz@w3.org,11.05.1988
Birgitta,McElhinney,bmcelhinneyl0@feedburner.com,14.06.1987
Jacenta,Barkley,jbarkleyl1@furl.net,24.12.1980
Boyd,Shorter,bshorterl2@ucsd.edu,11.12.1988
Doria,Roden,drodenl3@is.gd,21.06.1988
Flory,Gurery,fgureryl4@cdbaby.com,28.04.1988
Richart,Brasher,rbrasherl5@unicef.org,15.03.1981
Del,Zelner,dzelnerl6@last.fm,21.02.1987
Joellen,Gerhardt,jgerhardtl7@soundcloud.com,05.04.1989
Tanney,Leefe,tleefel8@mashable.com,15.10.1989
Sibylle,Maffioletti,smaffiolettil9@twitpic.com,01.01.1980
Nerita,Folkes,nfolkesla@aboutads.info,28.06.1980
Iorgo,Di Roberto,idirobertolb@flavors.me,06.02.1985
Kylie,Simakov,ksimakovlc@comcast.net,12.01.1983
Tanya,Jays,tjaysld@home.pl,03.02.1985
Libby,Hemshall,lhemshallle@npr.org,14.12.1986
Bil,Safell,bsafelllf@instagram.com,04.03.1984
Ryan,Tuffrey,rtuffreylg@ft.com,23.06.1985
Marilin,Bergstram,mbergstramlh@wiley.com,21.09.1986
Miguelita,Columbell,mcolumbellli@cisco.com,22.04.1982
Kathe,Whiffin,kwhiffinlj@comsenz.com,11.12.1984
Bev,Mutch,bmutchlk@cargocollective.com,25.12.1984
Reade,Troubridge,rtroubridgell@bluehost.com,28.01.1983
Paulina,Ewebank,pewebanklm@walmart.com,19.05.1986
Danny,Roskell,droskellln@slate.com,10.04.1984
Buddy,Thomasson,bthomassonlo@ebay.co.uk,15.07.1984
Benedikta,Heaps,bheapslp@wufoo.com,28.02.1980
Theressa,Cuddehay,tcuddehaylq@time.com,23.08.1988
Brendin,Fleckney,bfleckneylr@marriott.com,25.02.1985
Upton,Stockoe,ustockoels@boston.com,15.03.1981
Clea,Bulch,cbulchlt@qq.com,22.11.1980
Ardeen,Harston,aharstonlu@virginia.edu,07.11.1981
Korie,Bowhey,kbowheylv@ask.com,11.01.1981
Rafaello,Crouse,rcrouselw@mozilla.com,21.03.1983
Edyth,Aggs,eaggslx@ca.gov,07.05.1981
Jenny,Guido,jguidoly@thetimes.co.uk,14.02.1983
Berrie,Bloggett,bbloggettlz@mysql.com,26.06.1986
Aymer,Dyball,adyballm0@irs.gov,29.08.1980
Simonne,Crangle,scranglem1@indiatimes.com,04.04.1988
Radcliffe,Champagne,rchampagnem2@archive.org,27.12.1983
Jens,Frude,jfrudem3@auda.org.au,14.10.1980
Correna,Fortnon,cfortnonm4@last.fm,28.11.1983
Meridel,Heale,mhealem5@vimeo.com,19.06.1981
Baily,Balcon,bbalconm6@linkedin.com,02.11.1982
Timofei,Rishbrook,trishbrookm7@infoseek.co.jp,10.07.1986
Lotta,Morhall,lmorhallm8@bizjournals.com,07.01.1983
Malena,Sterley,msterleym9@archive.org,25.07.1983
Carolus,Menichino,cmenichinoma@hud.gov,21.02.1984
Temple,Ducker,tduckermb@theatlantic.com,22.05.1980
Marchall,Blain,mblainmc@wikia.com,07.07.1985
Vernor,Hurton,vhurtonmd@shareasale.com,09.10.1982
Emmott,Twort,etwortme@buzzfeed.com,12.01.1988
Sunny,Jocic,sjocicmf@wordpress.com,27.04.1988
Lilia,Kelso,lkelsomg@google.ru,08.07.1985
Katti,Stearns,kstearnsmh@spotify.com,10.01.1981
Gram,Brimble,gbrimblemi@stanford.edu,28.09.1981
Hubie,Simeoni,hsimeonimj@sfgate.com,09.06.1981
Joli,Gimber,jgimbermk@pcworld.com,05.07.1980
Ertha,Alston,ealstonml@cloudflare.com,29.05.1980
Mozelle,Kirsche,mkirschemm@github.com,22.06.1988
Nelly,Antoons,nantoonsmn@yandex.ru,17.08.1986
Vito,Gino,vginomo@sun.com,15.01.1985
Frederico,Fawdry,ffawdrymp@springer.com,17.10.1987
Stanfield,Sadgrove,ssadgrovemq@princeton.edu,06.11.1981
Chadwick,Bonnaire,cbonnairemr@army.mil,12.05.1987
Olwen,Andreou,oandreoums@unicef.org,13.05.1982
Arleyne,Anders,aandersmt@flavors.me,30.10.1983
Drugi,Sinyard,dsinyardmu@wunderground.com,05.09.1981
Francisco,Tattersdill,ftattersdillmv@i2i.jp,07.04.1986
Tyne,Bloomer,tbloomermw@people.com.cn,06.08.1988
Stacie,Mundall,smundallmx@jigsy.com,07.10.1984
Desmund,Gozzard,dgozzardmy@people.com.cn,06.05.1985
Sonnnie,Heditch,sheditchmz@addtoany.com,25.10.1984
Lianna,Aizlewood,laizlewoodn0@1und1.de,12.02.1981
Orrin,Mainwaring,omainwaringn1@mozilla.org,05.09.1988
Tonie,Eckford,teckfordn2@elpais.com,07.04.1981
Dwain,Brabham,dbrabhamn3@google.co.uk,09.03.1980
Everard,Panchin,epanchinn4@friendfeed.com,23.12.1989
Marmaduke,Thal,mthaln5@facebook.com,11.01.1983
Bern,Ralls,brallsn6@imdb.com,06.02.1981
Morley,Nekrews,mnekrewsn7@nhs.uk,06.11.1983
Vinny,Koles,vkolesn8@smugmug.com,01.03.1989
Harold,Burd,hburdn9@google.ca,13.06.1986
Karen,Klimkowski,kklimkowskina@example.com,20.02.1983
Derby,Vince,dvincenb@discuz.net,16.12.1985
Kassandra,Galgey,kgalgeync@google.it,11.09.1984
Bronny,Kennard,bkennardnd@livejournal.com,22.02.1982
Michaelina,Trumble,mtrumblene@howstuffworks.com,21.07.1985
Woodie,Marklin,wmarklinnf@storify.com,03.04.1985
Nico,Ruprecht,nruprechtng@gnu.org,05.12.1983
Jacinta,Alldre,jalldrenh@merriam-webster.com,28.12.1989
Lari,People,lpeopleni@booking.com,16.12.1989
Junette,Schurig,jschurignj@spiegel.de,17.12.1985
Marne,Itzkin,mitzkinnk@prweb.com,21.07.1989
Chelsae,Woodhead,cwoodheadnl@cisco.com,21.08.1987
Yetty,McCoid,ymccoidnm@mail.ru,11.10.1980
Merilee,McNaughton,mmcnaughtonnn@blogtalkradio.com,09.06.1980
Julio,Spurdle,jspurdleno@stumbleupon.com,09.01.1984
Klara,Londer,klondernp@wired.com,15.10.1989
Wren,Revan,wrevannq@msn.com,31.10.1989
Marco,Brosenius,mbroseniusnr@europa.eu,23.01.1980
Delmore,Beltzner,dbeltznerns@google.de,15.09.1984
Chandler,Silmon,csilmonnt@acquirethisname.com,22.06.1984
Marlyn,Crane,mcranenu@de.vu,08.07.1984
Milena,Barrass,mbarrassnv@php.net,10.11.1987
Angelita,Roma,aromanw@globo.com,29.06.1983
Ira,MacIlhargy,imacilhargynx@latimes.com,11.05.1989
Kris,Sugarman,ksugarmanny@posterous.com,07.07.1986
Clifford,Raulstone,craulstonenz@prlog.org,06.01.1986
Jeddy,Saulter,jsaultero0@over-blog.com,17.05.1984
Dagmar,Brudenell,dbrudenello1@msn.com,11.06.1986
Gherardo,Yelland,gyellando2@ucla.edu,10.09.1986
Matteo,Doley,mdoleyo3@odnoklassniki.ru,24.04.1989
Nanon,Pourveer,npourveero4@fda.gov,07.01.1984
Kylie,Jacobson,kjacobsono5@statcounter.com,22.06.1982
Gretel,Markova,gmarkovao6@is.gd,13.05.1986
Silvan,Piner,spinero7@unc.edu,02.04.1981
Dene,Walrond,dwalrondo8@omniture.com,19.02.1984
Hesther,Skill,hskillo9@cmu.edu,14.12.1989
Elsworth,Hirjak,ehirjakoa@uol.com.br,10.12.1987
Tillie,Breed,tbreedob@edublogs.org,11.03.1984
Yurik,Ritter,yritteroc@mapy.cz,14.08.1985
Hillel,Pohls,hpohlsod@weibo.com,09.12.1982
Candida,Bownas,cbownasoe@mapy.cz,04.11.1981
Carmen,Hun,chunof@fotki.com,17.11.1988
Benni,Petett,bpetettog@shop-pro.jp,09.08.1987
Giuseppe,Halegarth,ghalegarthoh@hud.gov,28.01.1987
Noreen,Seivertsen,nseivertsenoi@irs.gov,14.05.1988
Alaine,Maundrell,amaundrelloj@studiopress.com,19.11.1984
Justen,Sagerson,jsagersonok@apple.com,21.03.1984
Flore,Capps,fcappsol@paypal.com,27.08.1989
Eimile,Dey,edeyom@jiathis.com,30.09.1987
Zachary,Clynter,zclynteron@washington.edu,27.11.1985
Sheridan,Thoresbie,sthoresbieoo@illinois.edu,03.11.1984
Bonnie,Brea,bbreaop@mit.edu,05.10.1988
Cort,Shobbrook,cshobbrookoq@arstechnica.com,30.08.1988
Godard,Humphries,ghumphriesor@usa.gov,12.12.1984
Davine,Mattheissen,dmattheissenos@gov.uk,27.05.1985
Kordula,Kennifeck,kkennifeckot@desdev.cn,01.08.1980
Hayward,Dowbiggin,hdowbigginou@arstechnica.com,14.06.1983
Rebbecca,Giannini,rgianniniov@yellowbook.com,28.10.1983
Darcie,Klampt,dklamptow@google.de,22.03.1985
Kristin,O'Lunney,kolunneyox@eepurl.com,07.04.1981
Lizzie,Eccleshall,leccleshalloy@cbslocal.com,14.11.1989
Minerva,Brehault,mbrehaultoz@cafepress.com,19.05.1984
Nerta,Pearl,npearlp0@livejournal.com,09.05.1981
Hyacinth,Sturney,hsturneyp1@wunderground.com,03.06.1980
Aida,Vickers,avickersp2@state.gov,04.09.1981
Demeter,Hague,dhaguep3@dyndns.org,10.05.1982
Dorian,Trundell,dtrundellp4@yellowpages.com,07.09.1981
Storm,Greader,sgreaderp5@forbes.com,17.01.1989
Shelbi,Danis,sdanisp6@senate.gov,21.05.1986
Sheryl,Kobera,skoberap7@ning.com,11.10.1981
Regan,Isaac,risaacp8@discovery.com,22.06.1981
Giavani,Girardin,ggirardinp9@gov.uk,17.07.1988
Sherye,Dayborne,sdaybornepa@blogtalkradio.com,27.09.1985
Cordey,Tommen,ctommenpb@bing.com,07.05.1982
Ruth,Setterthwait,rsetterthwaitpc@globo.com,24.08.1981
Kile,Wheatley,kwheatleypd@themeforest.net,07.08.1984
Veronique,Shepheard,vshepheardpe@cloudflare.com,14.04.1984
Aline,Dowda,adowdapf@berkeley.edu,29.06.1980
Alicea,McShirie,amcshiriepg@dailymail.co.uk,07.09.1989
Isabeau,Chesters,ichestersph@toplist.cz,05.01.1983
Loutitia,Sorrill,lsorrillpi@bizjournals.com,04.04.1988
Gareth,Eldredge,geldredgepj@dropbox.com,11.09.1987
Francisco,Germann,fgermannpk@china.com.cn,06.07.1986
Thayne,Scullion,tscullionpl@theatlantic.com,19.02.1984
Ruthy,Marven,rmarvenpm@irs.gov,12.01.1983
Abagael,Blonden,ablondenpn@studiopress.com,20.11.1986
Debi,Jessep,djesseppo@wufoo.com,28.06.1983
Elva,Divers,ediverspp@wiley.com,26.09.1981
Sibyl,Cristoforetti,scristoforettipq@blogger.com,02.11.1980
Bria,McCahill,bmccahillpr@wp.com,02.01.1988
Tabbie,Rudolfer,trudolferps@opera.com,18.01.1982
Lainey,Bautiste,lbautistept@bravesites.com,12.03.1989
Marcie,Preene,mpreenepu@merriam-webster.com,16.11.1981
Royall,Moncreiff,rmoncreiffpv@nsw.gov.au,16.01.1981
Alyss,Aysh,aayshpw@theguardian.com,13.02.1987
Lane,Wyeth,lwyethpx@theatlantic.com,21.10.1984
Clea,Darco,cdarcopy@google.it,24.11.1988
Crista,McGrane,cmcgranepz@nih.gov,17.11.1982
Quinn,Weavers,qweaversq0@odnoklassniki.ru,02.04.1985
Clare,Fritschel,cfritschelq1@opera.com,24.05.1988
Lorraine,Chadburn,lchadburnq2@instagram.com,24.03.1981
Isac,Aronowitz,iaronowitzq3@engadget.com,16.05.1989
Monika,Shreeve,mshreeveq4@lulu.com,21.04.1988
Emily,Hallows,ehallowsq5@alibaba.com,24.05.1982
Aldus,Brodeur,abrodeurq6@ucoz.ru,06.07.1980
Lauralee,Revell,lrevellq7@gnu.org,23.09.1981
Jasmina,Errichelli,jerrichelliq8@biblegateway.com,09.09.1983
Vonni,Borchardt,vborchardtq9@xinhuanet.com,10.06.1983
Del,Manvelle,dmanvelleqa@vistaprint.com,31.05.1980
Kania,Crawforth,kcrawforthqb@state.tx.us,30.05.1980
Lissi,Porcas,lporcasqc@edublogs.org,21.05.1984
Micaela,Village,mvillageqd@chron.com,28.01.1987
Blanch,Andell,bandellqe@ihg.com,29.06.1983
Milicent,Garling,mgarlingqf@mlb.com,23.06.1984
Catha,Bannester,cbannesterqg@dedecms.com,01.04.1984
Tye,Rennels,trennelsqh@soup.io,10.06.1983
Bibby,Cleary,bclearyqi@xrea.com,08.07.1982
Bab,Jasik,bjasikqj@infoseek.co.jp,15.08.1987
Ardra,Naire,anaireqk@go.com,11.09.1983
Johanna,Castelletto,jcastellettoql@constantcontact.com,23.06.1983
Camellia,Charkham,ccharkhamqm@printfriendly.com,23.10.1988
Remus,Blabey,rblabeyqn@mysql.com,11.05.1988
Stormi,Snellman,ssnellmanqo@newsvine.com,18.07.1986
Rolfe,Jerg,rjergqp@cyberchimps.com,14.11.1988
Mel,Vasyukov,mvasyukovqq@tuttocitta.it,18.09.1984
Kent,Foynes,kfoynesqr@bluehost.com,23.12.1981
Mindy,Pegden,mpegdenqs@cbsnews.com,01.09.1985
Saloma,Faltskog,sfaltskogqt@shareasale.com,24.02.1988
Vallie,Thames,vthamesqu@earthlink.net,04.09.1989
Courtnay,McLinden,cmclindenqv@bloglines.com,23.03.1987
Laura,Nixon,lnixonqw@psu.edu,27.08.1982
Nicholle,Logie,nlogieqx@narod.ru,29.12.1985
Athene,Bunce,abunceqy@cargocollective.com,15.09.1986
Dulcy,McIlwain,dmcilwainqz@digg.com,20.02.1981
Fredrick,Gunning,fgunningr0@latimes.com,04.04.1989
Cynthy,Whitsey,cwhitseyr1@yelp.com,11.12.1981
Normand,Heck,nheckr2@reference.com,26.08.1980
Jolynn,Bertomeu,jbertomeur3@list-manage.com,17.12.1989
Elena,Feldhammer,efeldhammerr4@issuu.com,28.04.1984
Johnathan,Stokell,jstokellr5@census.gov,02.10.1987
Xylia,Marsh,xmarshr6@yellowpages.com,04.05.1985
Ezri,Oldridge,eoldridger7@bing.com,17.06.1989
Angil,Filchagin,afilchaginr8@narod.ru,26.01.1981
Newton,Yakov,nyakovr9@latimes.com,27.01.1986
Nev,Westhead,nwestheadra@npr.org,21.06.1985
Quintana,Belverstone,qbelverstonerb@nydailynews.com,13.08.1983
Queenie,Hannay,qhannayrc@linkedin.com,30.12.1983
Troy,Hiseman,thisemanrd@merriam-webster.com,02.01.1983
Berry,Venditto,bvendittore@rakuten.co.jp,03.01.1987
Putnem,Iacopini,piacopinirf@examiner.com,10.08.1984
Sonnnie,Menichi,smenichirg@patch.com,23.03.1981
Douglass,Rickis,drickisrh@blog.com,29.12.1982
Archibaldo,Comberbeach,acomberbeachri@eventbrite.com,21.02.1982
Kare,Coulthurst,kcoulthurstrj@arizona.edu,28.03.1989
Pryce,Klemz,pklemzrk@sohu.com,21.06.1987
Twila,Scrogges,tscroggesrl@merriam-webster.com,25.06.1985
Leonanie,Wallace,lwallacerm@sourceforge.net,09.10.1986
Jillana,McAmish,jmcamishrn@tinypic.com,22.01.1983
Lucila,Simmance,lsimmancero@ed.gov,21.07.1986
Melva,Coneau,mconeaurp@dailymotion.com,21.12.1987
Drusi,Scanterbury,dscanterburyrq@timesonline.co.uk,13.09.1988
Franky,Koppel,fkoppelrr@phpbb.com,14.04.1986
